Actual,Predicted,Residuals,Set
729.5201158254429,631.6505306451679,97.86958518027495,Train
290.1831777015179,354.3790256808936,-64.19584797937574,Train
406.3382811348823,413.1958064307287,-6.857525295846358,Train
592.9209836081855,656.2314041809939,-63.310420572808425,Train
511.12371636655774,494.0966825671165,17.027033799441256,Train
682.6716895010135,650.0977577365925,32.57393176442099,Train
378.3237554232716,424.044162085561,-45.720406662289406,Train
483.8809878407045,489.07569261242793,-5.194704771723423,Train
294.6961554879261,250.7795189006095,43.91663658731659,Train
452.8631982420662,421.68306865310313,31.18012958896304,Train
583.341957504399,568.7765947626738,14.565362741725266,Train
722.1862643865982,655.8445917052284,66.3416726813698,Train
653.6930643921578,613.3328072492218,40.36025714293601,Train
298.51328937672747,355.1988353446467,-56.68554596791921,Train
292.1858428978534,343.2590574477641,-51.073214549910745,Train
775.1851389600198,736.7538394315142,38.43129952850563,Train
362.6836376023803,350.38169921606925,12.301938386311065,Train
397.93753911896175,442.5242356839022,-44.58669656494044,Train
852.0842050604507,727.4447114825216,124.6394935779291,Train
331.1081786481016,338.8076336821482,-7.6994550340465935,Train
719.1251777553028,660.4913243892402,58.63385336606268,Train
392.8726260590267,349.4684418927501,43.40418416627659,Train
310.8804109712743,352.85079760880507,-41.970386637530794,Train
344.4424451203675,282.9402142922563,61.50223082811118,Train
508.8005181309513,562.1269007484908,-53.32638261753954,Train
377.2661105861104,401.88578142937206,-24.619670843261645,Train
554.0675627479816,609.707913790407,-55.640351042425436,Train
680.0459970023824,715.5260430392628,-35.48004603688048,Train
255.45680347356063,287.4451921481234,-31.98838867456277,Train
600.8667611248003,583.0477233452038,17.819037779596442,Train
307.028204263887,314.5652795343383,-7.5370752704512824,Train
490.3141256846301,544.6263137751042,-54.31218809047414,Train
337.13614824150443,298.1510335765722,38.98511466493221,Train
819.7338813845427,800.6843169566703,19.049564427872383,Train
333.2003320990519,416.37110440690316,-83.17077230785128,Train
432.0844550781898,419.61570971989465,12.468745358295166,Train
334.8208741422405,430.94987925905116,-96.12900511681067,Train
372.79410201024615,349.4771495483081,23.316952461938058,Train
388.38232331061073,352.83518129883936,35.54714201177137,Train
381.9675812938936,425.0235179364366,-43.055936642542974,Train
391.7338290555273,350.26296576940337,41.470863286123915,Train
323.13782302508935,292.5296344274076,30.60818859768176,Train
679.963669431123,680.6027167396524,-0.6390473085293706,Train
652.8752000813374,545.0898059011511,107.78539418018636,Train
930.5366533763143,824.2904425766224,106.246210799692,Train
608.4696219116512,580.8339486863802,27.635673225271034,Train
310.78009948053483,316.1229582131116,-5.342858732576758,Train
670.8749682262332,700.249209179489,-29.374240953255708,Train
447.6211588588052,396.06340711599853,51.55775174280666,Train
433.8360846236217,434.88671899738824,-1.0506343737665702,Train
588.7620187568172,612.5524785184284,-23.79045976161126,Train
720.8117985740045,687.2861273062285,33.52567126777592,Train
408.83239466506,416.69892989249377,-7.866535227433758,Train
325.1494114613064,312.5602685894105,12.589142871895888,Train
633.4212723847684,613.3849794043504,20.03629298041801,Train
777.2760616310164,700.3539526821744,76.92210894884204,Train
646.4355609927675,687.5747973862727,-41.13923639350526,Train
693.0101944753897,734.6212467907139,-41.61105231532429,Train
766.887609187585,793.8280067767024,-26.940397589117424,Train
296.96269524341733,357.54113922636174,-60.57844398294441,Train
509.6742445675485,450.30410332398037,59.37014124356813,Train
804.6257804490521,812.1663881690756,-7.540607720023559,Train
269.9028693074139,255.30053175847547,14.602337548938408,Train
777.8966089346372,714.8011549359203,63.09545399871695,Train
731.0096365230801,745.4822384980007,-14.472601974920622,Train
496.5616357495227,635.8951531669634,-139.3335174174407,Train
540.4235491438699,564.1208310390558,-23.697281895185938,Train
616.4552967285287,613.8039747425858,2.6513219859429,Train
721.1907708223757,670.0579830075621,51.13278781481358,Train
491.5696406137327,502.1590789122245,-10.589438298491814,Train
456.759798044478,487.23593285347624,-30.476134808998268,Train
794.9123123827396,778.0222281582974,16.890084224442262,Train
375.3152576903892,299.11807048404023,76.19718720634899,Train
472.6844347948577,571.8707015118019,-99.18626671694426,Train
267.3897755335717,319.1362745323531,-51.74649899878142,Train
347.5330655493292,424.7395634108118,-77.2064978614826,Train
316.43441971146194,357.9599607868183,-41.52554107535639,Train
442.9739535354571,380.98175852626133,61.99219500919577,Train
769.8256460451197,727.9136566439455,41.911989401174196,Train
739.0410149211922,688.8779488570365,50.163066064155714,Train
692.979068131149,755.880692908999,-62.901624777849975,Train
518.1012617605159,572.9122104940379,-54.81094873352208,Train
242.461891704664,279.46607951915263,-37.00418781448863,Train
727.8605847167847,637.2086468116693,90.65193790511546,Train
531.1434885492764,517.0773819867113,14.066106562565096,Train
326.210812457431,307.5933753300904,18.617437127340622,Train
180.3365617757792,230.31260318681325,-49.97604141103406,Train
652.321680077818,627.540845285542,24.780834792275982,Train
511.2931281395241,500.75031815987586,10.542809979648212,Train
590.9538622250714,548.6320487704703,42.321813454601056,Train
477.0956675820861,540.4301055223603,-63.334437940274256,Train
297.57124847453065,292.20029431805267,5.370954156477978,Train
458.8378676101213,434.7565613182431,24.081306291878207,Train
556.5339197944653,469.20094129359256,87.33297850087274,Train
414.681223457413,336.4082316273031,78.2729918301099,Train
592.405656057188,571.3980023067187,21.00765375046933,Train
851.5500945250474,731.1854402004715,120.3646543245759,Train
235.047220578,333.93018469285454,-98.88296411485453,Train
597.3153842914866,504.21391359880175,93.10147069268481,Train
583.5896481330896,518.1385015768386,65.45114655625093,Train
315.42658869059346,339.45149639828503,-24.02490770769157,Train
647.4865270980084,569.077975944152,78.40855115385648,Train
447.530614907406,410.58276035275173,36.94785455465427,Train
526.0387638823022,486.60938552582394,39.42937835647825,Train
701.146650839286,695.431398216029,5.715252623257015,Train
386.5063208860347,381.1763656999768,5.329955186057873,Train
600.345553560145,689.7768883745349,-89.43133481438986,Train
258.67250696228064,319.1360923756678,-60.463585413387136,Train
862.309671144328,835.9054008533307,26.404270290997374,Train
538.0813313923729,472.8673940543116,65.21393733806133,Train
672.2167091115901,665.0365565948944,7.1801525166957845,Train
633.0436589711386,654.9645571777389,-21.920898206600327,Train
492.145347692695,452.72555953294295,39.419788159752045,Train
297.3935985702315,259.2039559121799,38.18964265805164,Train
548.6237807456572,570.3886592937731,-21.764878548115917,Train
390.623686969074,376.4886078893936,14.135079079680395,Train
543.3618745369596,550.4642622798222,-7.102387742862561,Train
354.86033625352576,355.1698145075113,-0.30947825398556006,Train
865.255700562779,784.8509786917143,80.40472187106468,Train
416.3667744070208,341.57297108811963,74.79380331890115,Train
481.68048500308817,502.3919424704182,-20.711457467330035,Train
373.7857243726437,372.8731580864453,0.9125662861983983,Train
666.4448952123735,579.7706217641353,86.67427344823818,Train
444.749462994766,349.27456616796644,95.47489682679958,Train
405.3719642738812,407.4069782490248,-2.035013975143613,Train
641.6703566489731,671.9708988609347,-30.300542211961556,Train
489.5978007926734,449.9471828189279,39.65061797374551,Train
572.1198976946283,551.8330608548923,20.286836839735997,Train
279.60047257142094,395.7638585007223,-116.16338592930134,Train
486.9832311039848,547.3336760508582,-60.35044494687344,Train
459.4596324156187,439.2272654674837,20.232366948135052,Train
454.396848372933,451.9944831644158,2.4023652085172102,Train
643.5246810505271,615.7317652759353,27.792915774591734,Train
506.5564005990961,535.1524016565425,-28.596001057446358,Train
497.3300390948304,355.47040749097573,141.85963160385467,Train
639.7925184476018,654.2241129454325,-14.431594497830702,Train
416.4527263217021,347.6798184627803,68.77290785892177,Train
516.7858339421757,628.2763659442362,-111.49053200206049,Train
572.6705231276898,576.5266173808764,-3.8560942531865976,Train
582.6302609110658,624.9647136326387,-42.334452721572916,Train
775.8668971062676,774.6808362587199,1.1860608475477648,Train
615.9357479868079,635.803526049266,-19.867778062458115,Train
637.9725166656877,663.267907922828,-25.295391257140295,Train
381.6026784587382,408.4142236660733,-26.811545207335143,Train
773.60633200679,767.36790973563,6.238422271160061,Train
715.398575282372,651.7625228167105,63.636052465661464,Train
413.46505855830975,442.6785309734921,-29.213472415182366,Train
264.16112297528264,250.52113993915697,13.63998303612567,Train
556.4326275816192,520.2490967919332,36.18353078968596,Train
669.1197494968492,726.1265525070588,-57.00680301020964,Train
795.4232662562756,762.7701993676402,32.65306688863541,Train
496.84272093522594,443.52794229944965,53.31477863577629,Train
320.8182386506372,328.58952854344966,-7.771289892812433,Train
592.3455911811088,559.096046193921,33.249544987187846,Train
397.0303059308349,400.03833289325564,-3.008026962420729,Train
487.833386514949,471.552103730274,16.281282784675,Train
579.0260350737548,597.4891474957809,-18.463112422026143,Train
630.0338590531674,666.9929243788697,-36.95906532570234,Train
372.1868434813682,364.2373129301159,7.949530551252337,Train
828.7129791138149,745.1644910126488,83.54848810116607,Train
409.1274565434449,350.5963230849102,58.531133458534725,Train
626.5130313439992,612.2375089833299,14.275522360669243,Train
389.6897311212492,415.00026996063156,-25.310538839382332,Train
665.0458221606325,646.7912592674791,18.254562893153434,Train
319.97261255562745,363.28850668631856,-43.315894130691106,Train
615.6576448013993,569.9481617902572,45.70948301114208,Train
450.3654893865198,425.4562578109898,24.909231575529986,Train
457.2324241465916,445.6821737782451,11.550250368346497,Train
480.2627722659413,507.5938696983451,-27.331097432403794,Train
572.4179835422534,532.4839952997752,39.93398824247822,Train
445.7222371061185,403.2036565253456,42.51858058077289,Train
299.3468380097576,333.155252185182,-33.80841417542439,Train
412.37977029994016,387.0502572051389,25.329513094801257,Train
526.1214928595291,586.2368127765913,-60.11531991706215,Train
580.3243185254391,692.3540913342669,-112.02977280882772,Train
695.7268890093811,648.428853505793,47.29803550358815,Train
739.0242250328278,688.5238810128615,50.50034401996629,Train
471.8594443169271,483.9579652833639,-12.098520966436752,Train
288.353860931789,309.83007751997883,-21.476216588189857,Train
453.3831984161973,508.34613430125256,-54.96293588505529,Train
393.4468819085288,352.9042739252748,40.54260798325396,Train
533.6722322130921,559.9065047873409,-26.234272574248735,Train
302.36541887442706,257.3928529709793,44.97256590344779,Train
529.3562746998906,613.2857860284571,-83.92951132856649,Train
446.9955870627228,537.6835690984126,-90.6879820356898,Train
573.7886516445999,501.9370182429729,71.851633401627,Train
580.83189745774,686.7744090740664,-105.94251161632644,Train
459.55958272274586,426.9331471219958,32.626435600750085,Train
691.7375816546356,702.5135693788081,-10.775987724172523,Train
760.2990146900119,717.2897692438078,43.00924544620409,Train
522.3455930803799,479.7502492635369,42.59534381684301,Train
775.1861552176725,722.2089749711904,52.977180246482135,Train
540.3237837018185,529.3080972876269,11.015686414191578,Train
705.5386803145749,720.2201412864455,-14.681460971870592,Train
519.6804049479434,475.0229581795087,44.65744676843474,Train
490.0409135834397,445.0076967827446,45.03321680069513,Train
635.8137354966124,678.4017595886269,-42.58802409201451,Train
529.862445404177,652.1577805362965,-122.29533513211948,Train
624.3405593570487,670.9032225299305,-46.5626631728818,Train
776.9022479905129,780.6457299666147,-3.743481976101748,Train
574.8747412314613,648.8564904327517,-73.98174920129043,Train
659.9029428194762,584.5990111255906,75.3039316938856,Train
301.1668112387481,335.50969940177197,-34.34288816302387,Train
380.8420467711318,410.54759179961525,-29.70554502848347,Train
563.1354365920712,556.9449637805362,6.19047281153496,Train
377.3775713788834,369.7979474585826,7.579623920300776,Train
224.3503017495601,319.21523119990457,-94.86492945034448,Train
524.8737416101841,500.3949927575847,24.47874885259938,Train
277.53959927152715,303.7006535414158,-26.161054269888666,Train
459.2025139311549,485.2655739516877,-26.063060020532816,Train
378.9529811124696,334.2761953980305,44.67678571443912,Train
560.1009603915606,485.7366640679382,74.36429632362245,Train
617.5701573546959,630.2029379163865,-12.632780561690652,Train
726.5883962335736,751.5434478171449,-24.955051583571276,Train
403.7940691304729,430.3137928471602,-26.51972371668728,Train
320.3887607294718,319.09945688757205,1.2893038418997662,Train
447.7064875127947,397.3756682497901,50.33081926300457,Train
675.4203463593917,732.7014362811665,-57.281089921774765,Train
733.9845279088905,726.2512467252132,7.733281183677377,Train
706.7741009394355,679.4934997794958,27.280601159939692,Train
343.56169817670974,400.910254505878,-57.348556329168275,Train
215.82377087754423,260.1288344999635,-44.305063622419254,Train
692.6544961593214,595.8777143290802,96.77678183024125,Train
816.8385686652028,753.8126754033813,63.02589326182158,Train
759.5618162214796,735.6607601184135,23.90105610306614,Train
769.4003999668806,765.5722435122566,3.828156454624036,Train
425.40850196871554,424.9269845443071,0.48151742440842327,Train
412.2101551996128,415.1232016135954,-2.913046413982613,Train
526.1837694325004,543.9310495494873,-17.74728011698687,Train
376.0157360448436,370.7342353532806,5.2815006915629965,Train
658.5889474257323,727.6673428141323,-69.07839538840005,Train
757.1840042633985,778.1608001372092,-20.976795873810715,Train
320.22942971067164,299.4534701677228,20.77595954294884,Train
276.2976074162887,240.28566826189353,36.01193915439518,Train
359.3034288113219,326.9530139521017,32.35041485922022,Train
308.30653266994324,365.778706379646,-57.47217370970276,Train
303.85766399726657,416.25786956241814,-112.40020556515157,Train
604.3055498243125,632.1696557359345,-27.864105911622005,Train
424.5192135959032,441.25365210367323,-16.73443850777005,Train
379.4661835686949,410.92637883720977,-31.460195268514894,Train
290.89381342156247,365.0684863961955,-74.17467297463304,Train
654.1094647392817,670.1380380799219,-16.02857334064015,Train
598.9502858311498,616.7873427517794,-17.837056920629607,Train
346.4069294646834,356.4709610021999,-10.064031537516485,Train
694.96615884621,698.618746851872,-3.6525880056619826,Train
645.6633289855926,678.728049666265,-33.064720680672394,Train
313.1652918583744,242.98144287943802,70.1838489789364,Train
773.072723679213,732.4638573558843,40.6088663233287,Train
473.6138201026328,502.3223681365136,-28.70854803388079,Train
451.8946119154649,526.6508208457288,-74.75620893026394,Train
469.4817738227568,482.64326614085024,-13.161492318093451,Train
331.0257412135724,317.9287545749346,13.096986638637816,Train
406.7058598507017,468.2512063188085,-61.5453464681068,Train
386.8198654336511,423.8841658737298,-37.06430044007868,Train
855.273480685564,858.2066557942629,-2.933175108698947,Train
724.313063337329,748.2073127948711,-23.89424945754206,Train
511.8150112802261,526.316538429192,-14.501527148965863,Train
740.1668621011306,699.7686895086115,40.39817259251913,Train
711.4771231432969,702.480084549168,8.997038594128867,Train
443.5734630228989,416.49116580736415,27.082297215534766,Train
331.9866954930435,346.64193891572006,-14.655243422676563,Train
542.9525201870031,589.8851026775151,-46.932582490512004,Train
566.7964093852779,489.07418856147456,77.72222082380335,Train
443.8274374500896,378.27111872400656,65.55631872608302,Train
671.5453365773823,601.9888460096067,69.55649056777554,Train
630.1365880182454,642.0870769046265,-11.950488886381095,Train
313.4168303237591,343.01378725418766,-29.596956930428576,Train
337.2148276038301,330.1679209176049,7.046906686225213,Train
317.8493318514616,382.4495700703452,-64.60023821888359,Train
422.8110072513977,449.8449002003016,-27.033892948903883,Train
253.6510448938792,317.55150843724243,-63.90046354336323,Train
262.6542531998582,276.19697944187595,-13.54272624201775,Train
351.6620407495449,454.51235895183356,-102.85031820228869,Train
494.7926158513463,553.9849410209431,-59.19232516959681,Train
411.26864563727327,480.0762572759802,-68.80761163870693,Train
469.867939652673,420.17029637704354,49.697643275629446,Train
324.57545525073584,344.9433641796992,-20.367908928963345,Train
520.6779652926384,532.2316643977739,-11.553699105135479,Train
478.4245265321602,490.38849933153597,-11.963972799375767,Train
535.2533639523863,519.9004168071931,15.352947145193184,Train
502.0784403122487,436.73814641556703,65.34029389668166,Train
720.0457857653289,720.4866374415973,-0.4408516762683803,Train
714.0000818022191,714.8354381199819,-0.8353563177627166,Train
276.560572432823,312.4640396234232,-35.903467190600225,Train
236.68411579307872,225.2997128799812,11.384402913097517,Train
403.6245501827898,416.4890615750535,-12.864511392263694,Train
544.4750092978414,488.7031733252602,55.77183597258124,Train
769.2249013470936,763.6725872311022,5.552314115991408,Train
648.9010164711767,554.2157283900727,94.68528808110398,Train
388.5541816377534,351.3457826606236,37.208398977129775,Train
730.560791717843,642.7060571767453,87.85473454109774,Train
533.6243360567386,462.45346025228986,71.17087580444871,Train
298.1089287182116,330.37834173630745,-32.26941301809586,Train
531.4597099794682,502.9455941250872,28.514115854381032,Train
238.2151793505875,324.252077568716,-86.0368982181285,Train
382.8880430421141,312.62329146109454,70.26475158101954,Train
775.7276620308405,816.6458985971742,-40.91823656633369,Train
682.9383128419004,688.8854527321197,-5.947139890219319,Train
448.0199956134325,438.9506800757082,9.069315537724322,Train
626.6684171034286,634.1468976352589,-7.478480531830314,Train
402.9692281583443,348.05604769792564,54.91318046041869,Train
391.55175157954574,395.393679322359,-3.8419277428132546,Train
460.1941823675939,450.6170731823629,9.577109185230995,Train
326.3385426036298,428.73209320172225,-102.39355059809247,Train
543.7350452161389,540.3151530547507,3.4198921613882476,Train
612.283905135858,592.8674987180003,19.41640641785773,Train
823.7532528792358,745.188606733956,78.56464614527977,Train
480.0724949874013,503.7462910210397,-23.67379603363844,Train
555.9656274875128,527.9731194971182,27.992507990394643,Train
194.15846007344092,305.63934974121923,-111.48088966777831,Train
582.193319060243,609.4250770884983,-27.231758028255285,Train
810.6628930145665,784.8419034888788,25.820989525687764,Train
468.8463969841204,500.672036938322,-31.825639954201563,Train
539.5412745818982,584.4790329564462,-44.937758374548025,Train
637.0324714105366,682.9348837114753,-45.90241230093875,Train
787.1502203221237,772.433952040404,14.716268281719636,Train
397.8131587536962,433.6474077513711,-35.83424899767488,Train
766.7602617801155,714.3127683215668,52.447493458548706,Train
888.1548541438209,780.5321020267454,107.62275211707549,Train
491.0281865401644,461.2681601887006,29.760026351463807,Train
372.48505532215256,380.7566118347515,-8.27155651259892,Train
354.1459608594492,409.66118844289457,-55.51522758344538,Train
495.0214195903574,484.71342491028395,10.307994680073477,Train
304.8405815757869,320.84349221219827,-16.002910636411343,Train
727.3471833924435,718.6869203321079,8.660263060335637,Train
374.6051310003775,493.67669673023187,-119.07156572985434,Train
535.5194632239674,489.37394212837813,46.14552109558923,Train
619.7760332878215,563.1282241406224,56.647809147199155,Train
426.8358578484002,318.44507805407414,108.39077979432608,Train
614.517068788136,601.03547004222,13.481598745916017,Train
713.1047278235887,689.0440155016809,24.060712321907886,Train
481.51683576122,552.765681287849,-71.248845526629,Train
718.3842526495131,769.644843951183,-51.26059130166993,Train
521.1120999585864,492.2140347492645,28.898065209321942,Train
490.609870713486,485.292137737364,5.317732976121988,Train
643.1441093595432,676.4972864752531,-33.353177115709855,Train
553.941558091187,491.2230541745673,62.718503916619625,Train
555.8593704091952,546.3040360222767,9.555334386918503,Train
375.5631519433357,349.16529192403647,26.39786001929923,Train
796.4032208163492,816.9205975638099,-20.51737674746073,Train
297.8089287229546,290.3892159404933,7.419712782461318,Train
740.8367728217039,752.8659358458647,-12.029163024160766,Train
331.2201564767169,345.0462717790967,-13.826115302379776,Train
542.5530526029507,582.3581327088784,-39.805080105927686,Train
825.3572309674992,779.2806723245923,46.07655864290689,Train
619.2105885543209,693.2503469723003,-74.03975841797944,Train
682.7036247532699,669.722892973868,12.980731779401822,Train
711.9797100105889,664.3550563797327,47.62465363085619,Train
879.5227170724222,790.645988488215,88.87672858420717,Train
400.5844942776201,392.7944314587971,7.790062818823003,Train
383.197569195475,325.435169019244,57.76240017623104,Train
370.6955315824063,379.68515979347035,-8.98962821106403,Train
397.28870401143377,374.1550201325528,23.13368387888096,Train
369.5193034554452,432.3937109968283,-62.87440754138311,Train
678.5517300329403,714.8333138783706,-36.281583845430305,Train
584.2570673711182,568.7035597659608,15.553507605157392,Train
311.2141130662337,250.2674997819741,60.94661328425963,Train
280.3419460618669,277.6573617185578,2.6845843433090977,Train
633.9984712720023,701.3527043123177,-67.35423304031531,Train
377.4059289950191,346.3958774112806,31.010051583738516,Train
832.2120721073151,770.4999936482511,61.712078459063946,Train
243.27562688003343,258.31640198121414,-15.040775101180714,Train
501.46502827420346,457.8402083625536,43.624819911649865,Train
699.0515725461646,689.5771792211397,9.474393325024948,Train
487.6841539369695,362.9030155019153,124.78113843505417,Train
526.021339549006,499.24264735694476,26.77869219206127,Train
633.5929682636964,709.9352453380847,-76.34227707438822,Train
659.3724087505672,675.3193561468648,-15.946947396297674,Train
626.529627661519,701.8221936507115,-75.29256598919244,Train
677.2603966887667,620.4217980701562,56.83859861861049,Train
459.7612374357205,459.38823878612175,0.37299864959874185,Train
451.5767798717756,392.3693841342913,59.20739573748432,Train
354.6375064401167,440.9183667195002,-86.28086027938355,Train
482.34348162047297,524.2714556606927,-41.92797404021974,Train
591.8388784038227,587.1127341745228,4.726144229299962,Train
511.4417416782315,513.3844692217665,-1.9427275435349998,Train
569.7194991421952,572.041631251041,-2.3221321088458353,Train
574.6940741943903,680.8656681720413,-106.17159397765101,Train
362.376440301018,346.370960319712,16.005479981305996,Train
360.8416656620642,369.2742252988666,-8.43255963680241,Train
474.856543771587,425.5433922788902,49.31315149269676,Train
355.49586454406074,460.5625765651899,-105.06671202112915,Train
364.1464148230384,330.0266881940395,34.11972662899893,Train
443.2407177673289,388.2020267436542,55.03869102367469,Train
184.3920584233105,319.18734889352913,-134.79529047021865,Train
668.99777488999,696.3371066838458,-27.339331793855877,Train
389.8180193521085,476.16474503997176,-86.34672568786328,Train
750.424222978549,747.1332407397226,3.290982238826359,Train
685.4159639129275,719.7329903323563,-34.31702641942877,Train
652.3906400090075,648.5643976401486,3.826242368858857,Train
489.6724004500106,471.1695486136269,18.50285183638374,Train
308.48662948715435,300.2997431219951,8.18688636515924,Train
502.69830015476015,530.6783898050894,-27.980089650329262,Train
684.89227975135,640.4911459284477,44.40113382290224,Train
478.1199998842477,525.1452492565693,-47.02524937232158,Train
874.4543897752264,813.6908680820482,60.76352169317829,Train
441.2533621681496,437.00369550738395,4.249666660765627,Train
340.301228930328,309.7526356009006,30.548593329427433,Train
559.3286103431676,482.1000672005748,77.2285431425928,Train
537.1407906389329,628.3221094530122,-91.1813188140793,Train
302.67149985873425,277.11381955424656,25.55768030448769,Train
658.585962888644,680.077311169891,-21.491348281247042,Train
796.6092076615779,732.1218879704912,64.48731969108667,Train
483.94778152870106,381.636613563205,102.31116796549605,Train
317.7316229955349,350.33287849375415,-32.601255498219246,Train
498.8837995564865,537.3358443635934,-38.452044807106915,Train
472.5168068043065,433.2262740191407,39.290532785165794,Train
584.2307963963322,641.9355640570321,-57.704767660699986,Train
506.3750003056254,434.8302386454831,71.54476166014229,Train
451.79874967883984,375.5351179306077,76.26363174823211,Train
640.4692630632786,518.1002892489042,122.36897381437439,Train
591.9432270420347,627.8507934574286,-35.907566415393944,Train
555.8072875952221,504.90856136938163,50.89872622584045,Train
800.945707678998,804.8691901757867,-3.9234824967886652,Train
809.3843531945706,813.682456708767,-4.2981035141963275,Train
355.2868695533018,294.9134864112698,60.373383142032026,Train
771.2085145748672,653.9357951072761,117.27271946759106,Train
384.9162091130564,347.6384149091682,37.27779420388822,Train
519.6879159279707,498.3275986938539,21.36031723411685,Train
481.4511048856027,411.0441575313237,70.406947354279,Train
728.1956153343839,760.5899443506377,-32.39432901625378,Train
579.366778213218,543.4615734603926,35.9052047528254,Train
664.7812177777174,725.5060405361409,-60.72482275842344,Train
438.2359586576227,443.2987499996375,-5.062791342014805,Train
701.091839915975,677.1671354710472,23.924704444927784,Train
346.0920481025918,480.93523762839635,-134.84318952580458,Train
360.88626500355423,323.2878253859815,37.59843961757275,Train
666.272454112352,646.8227195767142,19.44973453563773,Train
481.81816755541286,472.77789058722954,9.04027696818332,Train
831.1605013160461,807.4992076312163,23.66129368482973,Train
474.04717027163184,396.9364314781393,77.11073879349254,Train
743.871056179063,679.918383913312,63.95267226575095,Train
633.4328993866252,671.6389954739645,-38.20609608733935,Train
501.52442378270325,405.7612792793662,95.76314450333706,Train
658.3487142553131,748.5928884289237,-90.24417417361065,Train
196.05655923666023,297.0455418793397,-100.98898264267945,Train
597.514218218972,649.7265248164642,-52.212306597492216,Train
680.858063218553,667.2522354945885,13.605827723964467,Train
432.7545787296603,382.8327636130889,49.921815116571395,Train
335.9189374168132,308.63578747319195,27.283149943621254,Train
573.7152050720177,641.7922616392261,-68.07705656720839,Train
484.3795194624208,539.6798696842746,-55.300350221853876,Train
737.0024291351955,764.9568260979231,-27.95439696272763,Train
416.4183485449975,321.50299675216,94.9153517928375,Train
416.0595029288675,390.6975439030432,25.36195902582432,Train
572.1776878855374,591.90317476874,-19.72548688320262,Train
379.0796227180464,410.225535965713,-31.145913247666613,Train
405.847012008166,377.2516669826256,28.59534502554044,Train
275.3611878075129,342.75123004465,-67.3900422371371,Train
710.3312252480415,651.4173927010249,58.91383254701657,Train
804.0936279907645,749.9018576479975,54.19177034276697,Train
830.388156693242,772.8089597636792,57.57919692956273,Train
563.6454397623909,480.65987761887925,82.98556214351163,Train
352.4946622108729,402.499212233615,-50.00455002274214,Train
322.9665707508994,392.147363020726,-69.18079226982661,Train
491.92362795372935,485.6236501910427,6.299977762686638,Train
713.7280939026967,677.806261537618,35.921832365078785,Train
411.906404297863,377.31909401248373,34.58731028537926,Train
707.7915085019672,787.5471444664421,-79.75563596447489,Train
425.2893434502493,401.7436079631532,23.545735487096124,Train
446.1337880442509,517.8876329839189,-71.75384493966806,Train
324.3858135737243,340.91420857247385,-16.528394998749548,Train
358.0807533862114,360.4766295458905,-2.3958761596790623,Train
502.8902551007656,431.6229361347988,71.26731896596681,Train
561.1452099452516,523.3197411806644,37.825468764587185,Train
507.5606401365792,504.21457716316354,3.3460629734156555,Train
700.0044970159787,616.9732432346299,83.03125378134882,Train
615.3120628519215,571.6503639327791,43.661698919142395,Train
551.8140028587768,645.2632072370998,-93.44920437832297,Train
283.38262676488023,308.76511231681,-25.38248555192979,Train
503.8852143446687,499.4786814241663,4.4065329205024,Train
541.114544401141,659.221899715753,-118.10735531461205,Train
622.6514021896322,638.5116218770041,-15.86021968737191,Train
372.666894723608,285.29673126221456,87.37016346139342,Train
700.4315773631816,776.8486834663362,-76.41710610315454,Train
356.5280089901112,381.45114878854747,-24.923139798436296,Train
762.7738305097477,726.2560935150116,36.51773699473608,Train
461.8718683612283,342.05688468207177,119.81498367915651,Train
670.910738460776,758.9385192768116,-88.0277808160356,Train
452.61813785639646,437.9153035794486,14.70283427694784,Train
574.8011191000845,650.8440834348074,-76.04296433472291,Train
611.1650615258801,541.6879279324073,69.47713359347279,Train
289.97389485249386,356.69197747120216,-66.71808261870831,Train
633.1479888341613,604.5332115921115,28.614777242049854,Train
471.3541286543657,527.0065073977987,-55.65237874343302,Train
589.3070217719091,546.0061778509571,43.30084392095205,Train
365.21973523310095,362.12840728660444,3.0913279464965058,Train
703.7265910289298,676.386070240842,27.340520788087815,Train
503.41586827243145,453.00844512494115,50.407423147490306,Train
785.736070890962,719.8458901309183,65.89018076004368,Train
360.2184305297457,351.9667744183183,8.251656111427394,Train
409.10832693698336,502.10965727161664,-93.00133033463328,Train
414.8096039030772,402.995836719334,11.813767183743153,Train
473.07306314264815,387.90481905836936,85.1682440842788,Train
649.1270987477864,732.2103104257906,-83.0832116780042,Train
316.128353386508,329.1719164777612,-13.04356309125319,Train
784.1097673970813,710.348359486655,73.76140791042633,Train
619.3727478079558,632.9224100323102,-13.549662224354392,Train
380.66619647036543,395.6023585490489,-14.93616207868348,Train
734.0875172721203,786.0616758004977,-51.974158528377416,Train
562.674520847433,498.68188074702823,63.99264010040474,Train
400.0352435419976,421.36088341691834,-21.32563987492074,Train
699.4127587656428,574.1802955214833,125.23246324415948,Train
508.36983696031456,488.71864616940127,19.65119079091329,Train
634.967541639397,583.0893050832378,51.87823655615921,Train
573.5410547543815,662.786042795077,-89.24498804069549,Train
393.8168371345007,379.65444296108484,14.162394173415862,Train
388.6548217817992,436.39884487859,-47.744023096790784,Train
357.0042236219932,333.050145736285,23.954077885708216,Train
437.51542073681,482.08071294057714,-44.56529220376717,Train
344.991498293571,444.05673906352746,-99.06524076995646,Train
352.8819922730908,288.6383810278022,64.2436112452886,Train
598.8246285454247,635.2462167456199,-36.421588200195174,Train
412.19393148643377,459.1451557092762,-46.95122422284243,Train
222.72549809917288,257.57656413128507,-34.851066032112186,Train
415.3095350082038,404.8143470036788,10.495188004525005,Train
458.7300951650049,465.9925913658258,-7.262496200820863,Train
750.8090453935043,710.9235046413166,39.885540752187694,Train
717.7801325894981,670.4217756164767,47.35835697302139,Train
374.33449849470895,420.6992085220211,-46.36471002731213,Train
308.02911021286894,300.6398963714031,7.389213841465846,Train
306.36627134825267,354.0726787420057,-47.70640739375301,Train
769.0958346472353,771.2464689103972,-2.150634263161919,Train
920.8497924149076,797.9193240068355,122.9304684080721,Train
188.4629192093529,263.04129235438853,-74.57837314503564,Train
354.6187716820771,342.97532860610823,11.64344307596889,Train
511.2354858529927,542.2242072702722,-30.98872141727952,Train
633.3240372491811,623.2678674977071,10.05616975147393,Train
409.6016037109725,421.40285763172324,-11.801253920750753,Train
528.8464979570316,585.1962846301092,-56.349786673077574,Train
489.9794493282121,542.5101325178888,-52.530683189676665,Train
649.1163335525979,653.5364103110898,-4.420076758491859,Train
735.9782654359593,689.6262936934038,46.35197174255552,Train
368.93093726602217,353.9972014988823,14.933735767139865,Train
570.9037628760923,578.8585104995018,-7.954747623409503,Train
533.7554665525915,436.00270202625154,97.75276452634,Train
390.5795966802349,395.67957836361785,-5.099981683382964,Train
326.09458971257743,315.1384568469406,10.956132865636846,Train
629.0879528404312,719.9746015242649,-90.88664868383376,Train
574.0645076151487,670.9181264351155,-96.85361881996675,Train
559.1146611569119,552.9192811073774,6.195380049534492,Train
704.8427643189306,744.6419753062377,-39.799210987307106,Train
405.1598142089688,351.2239669468463,53.93584726212248,Train
709.5089338568571,710.9181330895954,-1.409199232738274,Train
273.20664505710886,281.3924897502754,-8.18584469316653,Train
594.1999412207592,597.6718342236567,-3.4718930028974455,Train
515.405474350656,471.0601552745385,44.34531907611756,Train
568.3329845639702,590.6489618085909,-22.31597724462074,Train
611.5762019094914,700.7407500664572,-89.1645481569658,Train
526.422634794621,528.7284902372844,-2.3058554426634146,Train
713.8579017395429,710.5958414069612,3.2620603325816546,Train
468.36642441638753,474.92519451563226,-6.558770099244725,Train
543.0891990553567,533.4401752518891,9.649023803467685,Train
498.9648807458212,513.6541555648693,-14.68927481904808,Train
247.442174210673,255.91843305448742,-8.476258843814435,Train
463.97447072878657,446.4219301117038,17.552540617082798,Train
266.0690547552115,261.19067985884914,4.878374896362345,Train
422.96968015861,428.20668774347894,-5.237007584868934,Train
423.9753068618055,368.03858505058463,55.93672181122088,Train
579.9129956160325,584.1085341001346,-4.195538484102144,Train
552.7249354416476,514.3403953029017,38.38454013874593,Train
351.3503405027291,351.5748628727813,-0.22452237005217057,Train
534.0139395228509,486.65743783202925,47.35650169082169,Train
426.1086818896768,433.1267050226967,-7.018023133019881,Train
663.2405731941117,649.9547540295584,13.285819164553232,Train
297.9574013485525,293.2012486878957,4.756152660656767,Train
764.1154570322852,741.8196045106604,22.29585252162485,Train
526.7684278424911,563.4871075210281,-36.718679678537,Train
342.18861934732126,375.62222855530234,-33.43360920798108,Train
435.62815057939775,397.68670550858167,37.94144507081609,Train
508.95945364601965,513.4301863325696,-4.4707326865499795,Train
686.5882804206567,651.3625288645289,35.22575155612776,Train
350.3373961594546,349.0240361244888,1.3133600349657968,Train
423.20961269140304,471.90773007726665,-48.69811738586361,Train
401.3226163991213,373.76368013439094,27.558936264730335,Train
632.6433650551235,701.1558242810122,-68.51245922588873,Train
204.3873782837149,269.5990406035376,-65.21166231982272,Train
626.9170197245664,617.287651754978,9.62936796958843,Train
804.4327333183687,759.0293810761294,45.40335224223929,Train
444.8935513076432,405.0811833794726,39.8123679281706,Train
574.281892014977,569.8689516389571,4.412940376019833,Train
467.1616943662677,443.748033015267,23.413661351000655,Train
532.6194304650716,611.885893786259,-79.26646332118742,Train
708.4387455989754,662.511343517946,45.92740208102941,Train
581.0617884945407,550.6850678007967,30.376720693744005,Train
473.7113720718317,506.93877779818735,-33.22740572635564,Train
666.256818501886,694.6678977636077,-28.41107926172174,Train
552.7183087614378,585.2970626668895,-32.57875390545166,Train
563.103849206978,507.29723221783183,55.806616989146164,Train
293.56436151464084,335.6094406281287,-42.04507911348787,Train
597.2603843409573,566.0789047141175,31.18147962683986,Train
430.3065457048549,469.3556726645334,-39.04912695967852,Train
566.0302810807333,555.649097755416,10.381183325317238,Train
247.1870267725384,283.80461451694225,-36.61758774440386,Train
644.40196574461,612.1688566541941,32.23310909041595,Train
719.2757806658242,674.3120203237256,44.96376034209857,Train
270.8864905344491,385.1997876664709,-114.31329713202183,Train
520.1712583715623,535.6507062390308,-15.47944786746848,Train
235.0630077539305,233.44768980366837,1.6153179502621242,Train
487.4250702538869,438.71395546535166,48.71111478853521,Train
620.412113707828,485.0240770629956,135.38803664483237,Train
358.3440720100634,324.8877059753289,33.456366034734515,Train
575.1010793243412,553.7391360191709,21.361943305170257,Train
399.7239690058781,331.90410972137374,67.81985928450433,Train
473.2112215252755,468.89693008334416,4.314291441931346,Train
356.2813878482499,441.1182329017539,-84.83684505350402,Train
406.9827357059146,560.4192505445236,-153.436514838609,Train
377.4587045694841,375.17906569210436,2.279638877379739,Train
403.22923374230646,406.64506820455495,-3.4158344622484833,Train
505.4808345094025,549.4766857909883,-43.99585128158583,Train
401.5360607278244,416.33241125631343,-14.796350528489029,Train
658.5690865058485,632.1437672554308,26.425319250417715,Train
744.2378278577017,744.5136053366286,-0.27577747892689786,Train
235.60915146487247,310.69947440095257,-75.0903229360801,Train
724.1343922263192,736.7436329338166,-12.609240707497406,Train
430.9823603025674,498.0888329547926,-67.10647265222525,Train
677.7403363205183,638.5361282221508,39.20420809836753,Train
490.4009620303625,500.057670911236,-9.65670888087351,Train
503.3844492978262,539.4657341242024,-36.08128482637619,Train
717.4495607720943,649.1810887111749,68.26847206091941,Train
677.962959154266,555.7477646164172,122.21519453784879,Train
583.4746882715539,598.8907602719457,-15.416072000391864,Train
597.328076138424,611.4862588043628,-14.158182665938853,Train
860.703746860009,777.2794965916389,83.42425026837009,Train
661.4428087547675,600.3568605654209,61.085948189346595,Train
343.24244513915966,332.6458881386353,10.596557000524342,Train
507.89787435954224,445.24138890529264,62.656485454249605,Train
310.41047458114315,329.99570768684544,-19.585233105702287,Train
607.7412827162084,624.4489275982543,-16.707644882045884,Train
437.8848651510902,432.28409811601125,5.600767035078945,Train
724.4929291700284,725.6626662618122,-1.1697370917837588,Train
689.3058359195314,643.770622348852,45.53521357067939,Train
363.06450495975,344.39795694006693,18.66654801968309,Train
701.5436679924107,701.1481898845707,0.3954781078400629,Train
598.4155928468386,709.1926806741651,-110.77708782732645,Train
695.7092643169146,735.2090635582929,-39.49979924137824,Train
655.7353701970267,614.5425295402836,41.1928406567431,Train
554.8403094281481,494.7405119703087,60.09979745783937,Train
826.8253978455214,772.9895784237412,53.835819421780116,Train
451.893690575748,476.44465245933446,-24.550961883586467,Train
433.93894658886506,427.00037023824115,6.938576350623919,Train
536.7434981221382,634.0951511842488,-97.35165306211059,Train
706.8243574028016,666.7710543476279,40.05330305517373,Train
753.3706686341632,657.964141326619,95.40652730754414,Train
813.6481210102071,833.3173416214793,-19.66922061127218,Train
344.0244599842314,325.41856101440874,18.605898969822647,Train
596.6804553938665,563.7135263930189,32.966929000847585,Train
562.790589105223,615.7146445843039,-52.924055479080835,Train
780.8744765903126,774.3191990581831,6.55527753212948,Train
371.29547386124096,365.8375383334203,5.457935527820666,Train
642.6127301993652,666.092023670485,-23.47929347111983,Train
647.9526511663021,628.3379742472158,19.614676919086264,Train
599.0656371056804,577.1055271325723,21.960109973108047,Train
334.4289391851252,436.4615124346683,-102.03257324954308,Train
557.0810896660305,475.8220432071405,81.25904645889,Train
725.167195831061,607.03138541102,118.13581042004103,Train
647.9409846472574,616.7936862979461,31.147298349311313,Train
316.0776050203922,321.7620437048812,-5.68443868448901,Train
872.1800072827876,771.381904604281,100.79810267850667,Train
499.6106157184991,494.57736871556205,5.03324700293706,Train
705.3655490813961,671.8140672311744,33.55148185022176,Train
378.32776122525456,441.6490767647622,-63.32131553950762,Train
331.9032986652921,379.43790344902436,-47.53460478373228,Train
341.4578164501452,389.5688422132299,-48.11102576308474,Train
341.32322613053947,372.9850648301133,-31.66183869957382,Train
311.81120124767403,277.394599764452,34.41660148322205,Train
761.4769112397755,754.699599890532,6.777311349243519,Train
585.7786986741485,638.3812909439616,-52.60259226981316,Train
833.2143777729284,787.4325272691688,45.78185050375964,Train
564.9914670454536,494.1807311889644,70.81073585648926,Train
872.6582337924765,794.9319002300653,77.72633356241124,Train
691.6650955517592,727.3474382067192,-35.68234265495994,Train
484.7735200646998,514.4256806911071,-29.652160626407294,Train
341.5563090528494,300.1399177029483,41.41639134990106,Train
502.2491219683219,639.4630437472466,-137.2139217789247,Train
317.87744924731936,361.1913235128328,-43.31387426551345,Train
281.5786846876971,267.60387595251984,13.974808735177248,Train
612.1117284009292,640.6968189804917,-28.58509057956246,Train
364.3836584030346,370.4700226076617,-6.0863642046271025,Train
274.5776247857278,299.14966617585736,-24.572041390129584,Train
455.63635098910856,466.89109470644144,-11.254743717332872,Train
416.2928940697256,465.6458993369947,-49.35300526726911,Train
467.3453575515675,464.7807627909142,2.5645947606532786,Train
697.6149676079516,720.8298506507822,-23.214883042830593,Train
362.1017980717714,322.685759763005,39.41603830876636,Train
728.6219243163816,680.4848706034329,48.13705371294873,Train
298.1603863266384,378.01208971694473,-79.85170339030634,Train
515.8996456138423,520.4713137452756,-4.5716681314332845,Train
399.903189868228,377.82759006190156,22.075599806326466,Train
381.6869650747526,400.50899898594537,-18.82203391119276,Train
390.3530507454991,475.56014962750464,-85.20709888200554,Train
516.4883293568166,442.8685943038458,73.61973505297084,Train
451.2742005357797,462.1759315552165,-10.901731019436795,Train
274.2964103234499,289.41153141275345,-15.115121089303557,Train
497.3069742659335,479.5933528799067,17.713621386026773,Train
522.9941316804999,639.1493766312642,-116.15524495076431,Train
767.4069734307047,772.9806649870654,-5.5736915563607,Train
823.3977460627237,755.7985067297116,67.59923933301218,Train
401.1590841061368,368.70828635475766,32.45079775137913,Train
286.43547417704434,289.92831086565815,-3.4928366886138065,Train
357.60180270286713,298.7794417216418,58.82236098122536,Train
530.1529137038596,496.90697903113363,33.24593467272592,Train
250.4339895579153,326.29562917964097,-75.86163962172566,Train
560.0147176783066,558.7165004691341,1.2982172091725488,Train
660.9303921648335,655.9749580208323,4.955434144001174,Train
486.455260358145,517.3746233432097,-30.91936298506471,Train
324.5390508224264,394.1487596488684,-69.60970882644199,Train
399.2949636252606,474.4359311437603,-75.14096751849968,Train
437.0362710103585,443.6853548923689,-6.649083882010359,Train
551.353918283554,510.7967034162981,40.55721486725588,Train
663.919705698272,710.1118650174557,-46.1921593191837,Train
671.8824717016133,617.0127182914176,54.8697534101957,Train
487.33844548011785,430.77213065824196,56.56631482187589,Train
528.5396223450432,611.6262413884679,-83.08661904342466,Train
567.5664802022568,612.4601316295865,-44.8936514273297,Train
236.82787883239027,305.5030690084923,-68.675190176102,Train
321.4451115135893,281.6960532011259,39.74905831246343,Train
509.8215959322509,491.4233907850899,18.39820514716098,Train
249.1457941199646,246.56468804477413,2.581106075190462,Train
409.23788522537706,371.40556419337395,37.83232103200311,Train
699.7798016452027,729.6330291868717,-29.853227541668957,Train
439.7345591088949,498.04204650869025,-58.30748739979532,Train
322.2896448131712,326.8118113761368,-4.5221665629655945,Train
517.6292258017759,514.7956151898919,2.8336106118839552,Train
472.7770842850694,443.56070055525004,29.21638372981937,Train
346.46567484738625,428.5140894184191,-82.04841457103282,Train
712.4839116455839,631.5918833161641,80.89202832941987,Train
610.1288175887703,494.1898195653433,115.93899802342696,Train
508.5330599310468,520.93703813954,-12.403978208493243,Train
480.201906528687,442.11759791080175,38.084308617885256,Train
376.9116792182906,398.2503413282781,-21.338662109987524,Train
508.10657021004704,593.3750459397662,-85.26847572971917,Train
763.3765046322084,747.5814204130636,15.79508421914477,Train
762.0117135549988,752.9470636673983,9.064649887600467,Train
773.1573420081987,756.5269906197408,16.63035138845794,Train
577.8691149033558,406.7399670886052,171.12914781475058,Train
578.9645370043768,590.848177710347,-11.883640705970265,Train
752.5266531256457,650.0689742555065,102.45767887013915,Train
636.1351957576281,693.7087495051876,-57.57355374755946,Train
551.2002907673688,517.0708649071365,34.12942586023223,Train
588.4569792428622,506.5117436219556,81.9452356209066,Train
282.71308669346166,330.4195659112689,-47.706479217807214,Train
399.3870324267231,422.3947641574536,-23.007731730730484,Train
372.7163179019224,367.30687271839156,5.409445183530863,Train
754.6434534639219,727.8832484668931,26.760204997028836,Train
366.9452668296083,433.76615497806995,-66.82088814846168,Train
438.2094001642414,484.08697162974295,-45.877571465501546,Train
594.5691405120615,588.4234068899074,6.145733622154125,Train
512.1861582206297,512.430064623592,-0.24390640296223864,Train
393.911136599796,481.0317065287037,-87.12056992890768,Train
167.38136178831172,306.7467061723517,-139.36534438404,Train
572.9580861323586,484.50704976120153,88.4510363711571,Train
406.7529444208116,371.72463364481087,35.02831077600075,Train
580.4526393899813,621.4358762096425,-40.983236819661215,Train
250.3103961497844,296.4800182875227,-46.16962213773829,Train
477.67870472339166,523.8519644756034,-46.17325975221172,Train
361.5705523248969,299.99031668176724,61.58023564312964,Train
661.4965955688385,680.0919393492055,-18.59534378036699,Train
426.8616636540792,433.7609950028484,-6.899331348769181,Train
488.4593543116311,504.63728875963227,-16.177934448001167,Train
271.09472875799065,296.05920647427274,-24.96447771628209,Train
608.5390871992671,634.2837953399429,-25.74470814067581,Train
525.0218134200795,570.9579292726428,-45.93611585256326,Train
328.6317022986641,368.00179209642886,-39.37008979776476,Train
581.1687645494497,649.40231579082,-68.23355124137026,Train
235.04461889552036,362.0256120534132,-126.98099315789287,Train
539.185639934032,526.6992170263022,12.486422907729775,Train
568.5056674814192,609.7742549848784,-41.26858750345923,Train
501.3166974580194,523.2977919413867,-21.981094483367258,Train
681.649937347043,733.9695515480272,-52.31961420098423,Train
399.688039586432,493.9292970293569,-94.2412574429249,Train
403.10144176408585,411.1292173743086,-8.027775610222761,Train
395.5642227303604,446.6611166123783,-51.096893882017866,Train
458.8827591938145,534.2598568372968,-75.37709764348227,Train
481.35955286388753,490.4610339077613,-9.101481043873775,Train
511.263275599072,546.0811180652094,-34.817842466137336,Train
397.9256665518354,426.2560501412163,-28.330383589380915,Train
590.5783304970277,599.512562075636,-8.934231578608319,Train
586.9876202841749,623.5861510179839,-36.59853073380896,Test
569.0217643894515,493.8557963453934,75.1659680440581,Test
536.8814285938687,540.8271627188889,-3.9457341250201807,Test
422.7117364939073,395.0296958606586,27.682040633248732,Test
499.84118198002375,502.4747737294344,-2.633591749410641,Test
470.6085109406173,474.1409259665775,-3.5324150259602334,Test
459.5870891570885,391.3574094109558,68.22967974613266,Test
420.7690512460391,419.58128820333883,1.1877630427002828,Test
609.4902616200801,640.805859726948,-31.315598106867924,Test
467.7179618032284,520.8643492004727,-53.146387397244325,Test
319.4145321478041,336.03242878164394,-16.617896633839848,Test
256.0837980005473,296.529714423065,-40.44591642251771,Test
512.5730023186901,562.0097987967006,-49.43679647801048,Test
740.5721941289602,775.5890674667944,-35.01687333783423,Test
756.8986236822045,629.0365620366014,127.86206164560315,Test
557.579960616665,644.3376269215481,-86.75766630488317,Test
342.6871966282028,376.93451839827884,-34.24732177007604,Test
350.11912277379923,358.3887845371162,-8.269661763316947,Test
614.5038496204367,681.7585259202368,-67.25467629980017,Test
482.31030134911657,370.91223469893293,111.39806665018364,Test
364.86694447970336,332.0007823429689,32.86616213673449,Test
780.6971005336869,699.1971950452642,81.49990548842277,Test
570.0762196261419,550.3485501533748,19.727669472767047,Test
354.3777064079048,342.76652691237496,11.611179495529825,Test
634.2414921721315,604.2259242194959,30.015567952635593,Test
688.8342657375649,653.1280058665702,35.7062598709947,Test
481.57473695728,461.67531562583594,19.899421331444046,Test
455.3434181148908,406.386701145998,48.956716968892806,Test
496.8431291020834,548.4553657670434,-51.612236664959994,Test
630.8470434205915,568.681021810813,62.166021609778454,Test
541.5141628910935,551.4823963021586,-9.968233411065057,Test
432.6584425862856,514.4351940447913,-81.77675145850566,Test
581.439409037301,497.1250129648622,84.31439607243874,Test
147.43666104631993,286.18423242392856,-138.74757137760864,Test
522.2293693959323,529.1345667564968,-6.905197360564557,Test
789.9032173210747,739.4183161744361,50.48490114663866,Test
284.5992111711226,310.6207974752527,-26.021586304130096,Test
523.3451915207177,515.5544818808199,7.790709639897727,Test
413.9844636512098,391.83460886685833,22.149854784351476,Test
708.3954631171155,635.3309058139018,73.06455730321363,Test
724.8511597073208,664.416516194849,60.43464351247178,Test
396.6725278849847,416.4098796304012,-19.737351745416504,Test
283.5408779650476,363.3722908275042,-79.83141286245655,Test
682.679305506546,673.2545256807514,9.424779825794644,Test
325.9628969225961,286.1287406146222,39.8341563079739,Test
690.3581159830343,712.372829167404,-22.014713184369725,Test
412.6061043306501,407.7129586870186,4.893145643631499,Test
474.5357376502785,523.2994715131563,-48.76373386287776,Test
555.9196757699846,549.3226486046727,6.597027165311829,Test
274.794093816927,310.1471617293105,-35.353067912383494,Test
693.3858982466653,616.320658660763,77.0652395859023,Test
731.9542934777581,690.9576607389783,40.996632738779795,Test
698.7859570540228,654.8998375196259,43.886119534396926,Test
556.2551669880106,585.5972648183139,-29.34209783030326,Test
742.6086108877362,715.8335599030651,26.77505098467111,Test
419.8097298904763,412.4218812465101,7.387848643966208,Test
371.870551755338,425.421072608987,-53.550520853649004,Test
821.0884743633562,718.4002099646001,102.68826439875613,Test
463.57923709954537,530.8949956700596,-67.31575857051428,Test
383.5763631697911,415.16821068122454,-31.591847511433457,Test
406.34770108554704,290.04181476016754,116.3058863253795,Test
346.2085299290333,459.2068626714423,-112.99833274240899,Test
269.69300782113817,319.09127374914175,-49.39826592800358,Test
617.668707056541,625.7417852462715,-8.073078189730495,Test
212.30486937266383,264.6661220581936,-52.36125268552976,Test
635.802170312435,603.0862543902382,32.715915922196814,Test
699.5541624691689,657.5902984528806,41.96386401628831,Test
410.1654991646846,419.3194701387833,-9.153970974098684,Test
519.9133227532778,509.61661576210776,10.296706991170083,Test
761.6348444260881,756.3348216549873,5.300022771100771,Test
356.22129597093505,425.7301452008058,-69.50884922987075,Test
367.5278738765065,423.4180821275064,-55.89020825099993,Test
306.557310363523,336.4185598735352,-29.861249510012158,Test
562.443212152616,456.2088808082076,106.23433134440836,Test
759.5737456629724,715.5871890093929,43.986556653579555,Test
644.7909329946259,597.9365641848867,46.854368809739185,Test
589.0334910950176,596.8499491207874,-7.816458025769862,Test
294.2806235295064,299.19165064677975,-4.911027117273363,Test
505.3118834540787,547.6373657726393,-42.3254823185606,Test
496.73931440271,489.22994556734704,7.509368835362977,Test
430.3602655308398,411.2295679548156,19.130697576024204,Test
652.2839732500316,684.2362424875218,-31.952269237490214,Test
576.8014031202836,545.6884764535662,31.112926666717385,Test
659.5184289010566,695.095667020059,-35.577238119002345,Test
593.9662074649838,603.8665481004793,-9.900340635495581,Test
611.3502507998946,543.3868835623332,67.96336723756144,Test
798.7253403762754,712.020187852055,86.70515252422047,Test
552.6420803147308,581.7885876205152,-29.146507305784326,Test
760.8053145786187,696.5744288360513,64.23088574256735,Test
503.4609626503599,495.29594670946375,8.165015940896126,Test
504.596500182049,541.6894505964029,-37.092950414353936,Test
389.5993160416399,364.07245386550613,25.52686217613376,Test
572.1530011052013,532.2886038813916,39.86439722380965,Test
375.8768005321462,356.98585460690526,18.890945925240942,Test
666.2306054905416,716.4367725283452,-50.20616703780354,Test
768.0405370589018,718.1701461037641,49.87039095513774,Test
630.7083848787792,636.0804631171819,-5.372078238402764,Test
592.9215501234764,600.2470394350092,-7.325489311532806,Test
390.1376563040697,391.5233009157807,-1.3856446117109726,Test
238.0775156911336,252.9554867631701,-14.877971072036473,Test
528.9790771701548,580.1350145934172,-51.155937423262344,Test
632.2629086703246,544.462278656339,87.8006300139856,Test
746.9349117109754,799.0417512624613,-52.106839551485905,Test
433.1583357764232,427.4245683593568,5.733767417066417,Test
434.48421568270487,442.0876612844137,-7.603445601708813,Test
721.7387480941417,746.3291483865348,-24.590400292393156,Test
556.1952618246331,545.883563473966,10.311698350667143,Test
314.949743847872,296.62853525120823,18.32120859666378,Test
586.2450564119187,616.7507568123917,-30.505700400473074,Test
388.5329691439633,381.97992447700915,6.553044666954179,Test
619.7230665970718,591.7758411451542,27.947225451917575,Test
282.6116805637675,376.81593850443903,-94.20425794067154,Test
582.4447275726384,528.1038857738513,54.340841798787096,Test
383.6132614386672,413.3069023731901,-29.693640934522875,Test
601.9803432165761,612.9998619945371,-11.019518777961025,Test
273.6920686635372,295.4828910688956,-21.79082240535837,Test
452.60374488826926,419.0839148370827,33.519830051186545,Test
506.6558796868328,585.741662950635,-79.08578326380223,Test
635.2647942458667,714.908103727742,-79.64330948187524,Test
288.28299774996026,375.50913498112914,-87.22613723116888,Test
258.6873137366356,266.7056888802059,-8.018375143570324,Test
627.2020271341107,663.0158981026016,-35.813870968490846,Test
398.4336262353093,304.6075704098157,93.8260558254936,Test
634.7175098703341,588.8285922795408,45.88891759079331,Test
371.4188716292751,384.1158832459656,-12.697011616690531,Test
644.3031615428109,634.77347830483,9.529683237980976,Test
506.83162811029865,533.5160246970893,-26.684396586790626,Test
203.2154958828276,246.05446818547807,-42.83897230265046,Test
642.2944901143986,662.7520331740423,-20.457543059643626,Test
653.6393995559395,760.4531895144528,-106.81378995851333,Test
383.8631100422328,393.7682444327413,-9.905134390508522,Test
608.0409551488805,543.4905537308765,64.55040141800396,Test
652.0652515425928,692.5924046312834,-40.527153088690625,Test
464.1885059254656,552.3739063849972,-88.18540045953159,Test
365.6569457910882,340.58658189749417,25.07036389359405,Test
528.5236850888512,597.2279046023491,-68.70421951349795,Test
613.9416540892767,656.0511869977014,-42.10953290842474,Test
543.6737749811632,502.19321525182863,41.48055972933457,Test
432.2712364369845,416.12009144926657,16.15114498771794,Test
557.1858221703355,582.4427736610413,-25.256951490705774,Test
668.2877880315606,731.537732459295,-63.24994442773436,Test
207.44947830645657,291.01438242676113,-83.56490412030456,Test
577.8979958823722,678.0747540099276,-100.17675812755533,Test
279.2440679214026,311.05903734037076,-31.81496941896819,Test
512.5281622300911,518.3275773424496,-5.799415112358474,Test
709.1490605052161,755.6481804344215,-46.49911992920545,Test
625.433544189291,592.5168017957437,32.916742393547224,Test
556.3512195988412,523.4260633065459,32.925156292295355,Test
586.5637299802611,536.1489221886281,50.41480779163294,Test
454.31517186689234,422.33135851109193,31.983813355800407,Test
759.9661487010404,801.0204798943644,-41.05433119332395,Test
671.0488429873092,636.9651570885802,34.08368589872896,Test
333.9638225116345,330.57334295039243,3.3904795612420457,Test
501.9368843896996,546.0348945843151,-44.09801019461548,Test
491.93906029799234,464.2680136264325,27.67104667155985,Test
811.3992075196697,810.1472559829751,1.2519515366946052,Test
802.9237572544888,771.7654255747416,31.15833167974722,Test
619.7488236614556,608.171031113575,11.577792547880563,Test
721.4160241929554,722.5102663603791,-1.0942421674236584,Test
576.090861784818,609.6873258276457,-33.59646404282773,Test
835.8686653483878,806.6799185730397,29.188746775348136,Test
523.3483516245558,544.8964599735494,-21.54810834899365,Test
475.5744905985139,451.38348156893244,24.191009029581437,Test
733.6841252219418,700.1404794458781,33.54364577606373,Test
734.4116931417784,726.2014683539671,8.210224787811285,Test
378.9391760633852,352.88120014312085,26.05797592026437,Test
618.6454625395619,591.3975396465024,27.247922893059467,Test
664.6282897833746,665.883883408035,-1.2555936246603778,Test
322.15509209304025,372.4147288073335,-50.259636714293265,Test
213.8650897677128,331.80936449229273,-117.94427472457994,Test
530.0332575560218,578.9264591321762,-48.89320157615441,Test
443.2704867455292,471.0117345743927,-27.741247828863493,Test
718.4795144643106,665.7629840623572,52.71653040195338,Test
652.0817385473524,597.6780349577261,54.403703589626275,Test
767.5932806691474,735.3076870653941,32.28559360375323,Test
545.457763755359,574.3732499048226,-28.915486149463618,Test
816.9313449951933,710.1527974250353,106.77854757015803,Test
432.45489331058025,445.23659914098744,-12.78170583040719,Test
297.44437812729,301.17464946800044,-3.7302713407104306,Test
278.22591214749474,311.5682476136193,-33.34233546612455,Test
776.065106375059,767.1659255925231,8.89918078253595,Test
682.3021632908254,678.5647314500534,3.7374318407720466,Test
626.221344095986,626.9229468576859,-0.7016027616999736,Test
617.1530724456383,588.2875227348125,28.865549710825803,Test
499.0790369980034,542.1056866374579,-43.02664963945449,Test
503.2139338284632,464.57114507455367,38.64278875390954,Test
527.0555132386849,510.19615258570286,16.85936065298199,Test
668.680614127147,703.3264877427738,-34.64587361562678,Test
713.8258527139209,696.3653881932004,17.460464520720507,Test
390.89385145944186,393.4717540338585,-2.577902574416612,Test
689.822168313397,765.6393950079903,-75.81722669459327,Test
500.3968982400496,529.9282140230963,-29.531315783046693,Test
745.8395863533891,691.6441345816836,54.19545177170551,Test
530.9938985885926,559.7568097574131,-28.762911168820438,Test
535.6252055132824,459.61460832139204,76.01059719189033,Test
